{"cameraMode":{"drawMode":0,"name":"Shaded","section":"Shading Mode"},"sceneLighting":true,"audioPlay":false,"sceneViewState":{"showFog":true,"showMaterialUpdate":false,"showSkybox":true,"showFlares":true,"showImageEffects":true,"showParticleSystems":true},"in2DMode":false,"pivot":{"x":3.2063112258911135,"y":0.8285155296325684,"z":3.195713996887207},"rotation":{"x":0.17178328335285188,"y":0.3814201056957245,"z":-0.07236675173044205,"w":0.9054127931594849},"size":6.66001033782959,"orthographic":false}